BUKU INVENTARISASI PERPUSTAKAAN SEKOLAH;;;;;;;;;;;;;
;;;;;;;;;;;;;
Nomor;;Judul Buku;Penyusun/;Penerbit;Tahun Terbit;Jenis Buku;;;Sumber Buku;;;Tanggal Beli/;
Urut;Anggota;;Pengarang;;;Fiksi;Non Fiksi;Banyak Buku;BOS;DAK;Lainnya;Terima;Keterangan 
1;;Dasar Desain Grafis kelas X;;Erlangga ;;;ü;20;ü;;;;
2;;Pemrograman Dasar kelas X;;Erlangga ;;;ü;20;ü;;;;
3;;Komputer dan Jaringan Dasar kelas X;;Erlangga ;;;ü;20;ü;;;;
4;;Sistem Komputer kelas X;;Erlangga ;;;ü;20;ü;;;;
5;;Teknologi Layanan Jaringan kelas XII;M. Rizal ;Bumi Aksara;;;ü;20;ü;;;;
6;;Pekerjaan Dasar Tehnik Otomotif ;;;;;ü;20;ü;;;;
7;;Pemeliaraan Mesin Kendaraan Ringan kelas XII;;;;;ü;20;ü;;;;
8;;Pemeliharaan Sasis Sepeda Motor kelas XII;;;;;ü;20;ü;;;;
9;;Pemeliharaan Sasis Sepeda Motor kelas XI;;;;;ü;20;ü;;;;
10;;Pemeliaraan Mesin Kendaraan Ringan kelas XI;;;;;ü;20;ü;;;;
11;;Teknologi Dasar Otomotif kelas X;;;;;ü;20;ü;;;;
12;;Gambar Teknik Otomotif kelas X;;Erlangga;;;ü;20;ü;;;;
13;;Teknologi Layanan Jaringan kelas XI;;;;;ü;20;ü;;;;
14;;Teknologi Jaringan Berbasis Luas (WAN) kelas XI;;;;;ü;20;ü;;;;
15;;Administrasi Infrastuktur Jaringan kelas XII ;Andi Novianto;Erlangga;;;ü;20;ü;;;;
16;;Administrasi Infrastuktur Jaringan kelas XI;Andi Novianto;Erlangga;;;ü;20;ü;;;;
17;;Administrasi Sistem dan Jaringan kelas XII;Andi Novianto;Erlangga;;;ü;20;ü;;;;
18;;Administrasi Sistem dan Jaringan kelas XI;Andi Novianto;Erlangga;;;ü;20;ü;;;;
19;;Spreeadsheet Kelas X;;Erlangga;;;ü;20;ü;;;;
20;;Bahasa Indonesia Kelas XI;Pipit Dwi Komariah;Erlangga;;;ü;15;ü;;;;
21;;Bahasa Indonesia Kelas X;Pipit Dwi Komariah;Erlangga ;;;ü;15;ü;;;;
22;;Sejarah Indoesia kelas X;Ratna Hapsari;Erlangga ;;;ü;20;ü;;;;
23;;Informatika Bismen kelas X Kumer;Andi Novianto;Erlangga ;;;ü;10;ü;;;;
24;;Informatika Teknologi kelas X;Andi Novianto;Erlangga ;;;ü;10;ü;;;;
25;;IPAS Bismen kelas X Kumer;Berti Sagendra ;Erlangga ;;;ü;10;ü;;;;
26;;IPAS Teknologi kelas X Kumer;Berti Sagendra ;Erlangga;;;ü;10;ü;;;;
27;;Matematika kelas X Kumer;Arif Ediyanto;Erlangga ;;;ü;13;ü;;;;
28;;Bahasa Indonesia kelas X Kumer;Pipit Dwi Komariah;Erlangga ;;;ü;10;ü;;;;
29;;Pendidikan Agama Islam kelas X Kumer;H.A Sholeh Dimyathi, dkk;Erlangga;;;ü;10;ü;;;;
30;;Sejarah kelas X Kumer;Ratna Hapsari;Erlangga ;;;ü;10;ü;;;;
31;;Pendidikan Pancasila kelas X Kumer;Yusuf Kardiman ;Erlangga ;;;ü;10;ü;;;;
32;;SPLASH (Bahasa Inggris) kelas X Kumer;;Erlangga;;;ü;15;ü;;;;
33;;PKWU Kelas XI;wulan Ayodya;Erlangga;;;ü;20;ü;;;;
34;;PKWU Kelas XII;wulan Ayodya;Erlangga ;;;ü;20;ü;;;;
35;;Bisnis Online kelas XI;Fatkhul A. ;Erlangga ;;;ü;20;ü;;;;
36;;Marketing kelas X;;Erlangga;;;ü;20;ü;;;;
37;;Otomatisasi Tata Kelola Sarana dan Prasarana Kelas XI;Dwi Harti, dkk;Erlangga ;;;ü;20;ü;;;;
38;;Otomatisasi Tata Kelola Keuangan XI;Sri Mulyani;Erlangga;;;ü;20;ü;;;;
39;;Teknologi Perkantoran Kelas X;;;;;ü;20;ü;;;;
40;;Perbankan Dasar Kelas X;;Erlangga;;;ü;20;ü;;;;
41;;Praktikum Akuntansi Lembaga Pemerintah Kelas XII;Ade Firdaus ;Erlangga ;;;ü;20;ü;;;;
42;;Komputer Akuntansi Pada Perusahaan Jasa dengan MYOB Kelas XII;;;;;ü;20;ü;;;;
43;;Administrasi Pajak Kelas XI;;;;;ü;20;ü;;;;
44;;Pemeliharaan Kelistrikan Sepeda Motor kelas XII;;;;;ü;20;ü;;;;
45;;Desain Grafis Percetakan kelas XI;;;;;ü;20;ü;;;;
46;;Pemeliharaan Kelistrikan Sepeda Motor kelas XI;;;;;ü;20;ü;;;;
47;;Dasar Desain Grafis kelas X;;;;;ü;20;ü;;;;
48;;SPLASH (B.Inggris) kelas X KUMER;;;;;ü;90;ü;;;;
49;;Bahasa Indonesia kelas X kumer;;;;;ü;90;ü;;;;
50;;PPKN kelas X kumer;;;;;ü;90;ü;;;;
51;;Pendidikan Agama Islam kelas X Kumer;;;;;ü;90;ü;;;;
52;;Sejarah kelas X Kumer;;;;;ü;90;ü;;;;
53;;PAK Kelas XII;;;;;ü;30;ü;;;;
54;;PAK Kelas XI;;;;;ü;30;ü;;;;
55;;PAK Kelas X;;;;;ü;30;ü;;;;
56;;Matematika kelas X  ;;;;;ü;90;ü;;;;
57;;Informatika kelas X;;;;;ü;90;ü;;;;
58;;Informatika Bisnis kelas X;;;;;ü;93;ü;;;;
59;;IPAS Teknologi kelas x  ;;;;;ü;95;ü;;;;
60;;IPAS Bismen ;;;;;ü;95;ü;;;;
61;;Prosedur Penggunaan Kendaraan Ringan kelas XII;;;;;ü;8;ü;;;;
62;;PKK Teknologi manufaktur dan rekayasa kelas XI;;;;;ü;14;ü;;;;
63;;Prosedur penggunaan kendaraan ringan kelas XI ;;;;;ü;14;ü;;;;
64;;Sistem pemindah tenaga kendaraan ringan kelas XI ;;;;;ü;16;ü;;;;
65;;Keamanan Jaringan vol 1;;;;;ü;16;ü;;;;
66;;PKWU BISMEN kelas XII;;;;;ü;7;ü;;;;
67;;Sistem pemindah tenaga kendaraan ringan kelas XI ;;;;;ü;9;ü;;;;
68;;Pengelolaan kearsipan KK Manajemen Perkantoran  kelas XI;;;;;ü;19;ü;;;;
69;;Keamanan jaringan vol 2 kelas XI;;;;;ü;15;ü;;;;
70;;Teknologi perkantoran KK Manajemenn perkantoran kelas XI ;;;;;ü;19;ü;;;;
71;;Pemeilharaan sasis sepeda motor kelas XII ;;;;;ü;7;ü;;;;
72;;Pengelolaan keuangan sederhana kelas XI;;;;;ü;16;ü;;;;
73;;SPLASH (B.Inggris) kelas X ;;;;;ü;20;ü;;;;
74;;SPLASH (B.Inggris) kelas XI;;;;;ü;30;ü;;;;
75;;PKWU Kelas XI Kumer;;;;;ü;20;ü;;;;
76;;Pendidikan Agama Islam kelas XI KUMER;;;;;ü;19;ü;;;;
77;;Pendidikan Pancasila kelas XI KUMER;;;;;ü;19;ü;;;;
78;;Pendidikan Agama Islam kelas XII Kumer;;;;;ü;19;ü;;;;
79;;Pendidikan pancasila kelas 12 kumer;;;;;ü;21;ü;;;;
80;;PKWU BISMEN KELAS 12 Kumer;;;;;ü;11;ü;;;;
81;;Matematika bismen kelas XII Kumer;;;;;ü;18;ü;;;;
82;;Koding dan KA Kelas X ;Sri Wahyudi;Erlangga;;;ü;13;ü;;;;
83;;Koding dan KA Kelas XI;Sri Wahyudi;Erlangga;;;ü;16;ü;;;;
84;;Koding dan KA Kelas XII;Sri Wahyudi;Erlangga;;;ü;16;ü;;;;
85;;B. Indonesia kelas XI Kumer;Pipit Dwi Komariah;Erlangga;;;ü;19;ü;;;;
86;;B. Indonesia kelas XII Kumer;Pipit Dwi Komariah;Erlangga;;;ü;19;ü;;;;
87;;Perencanaan dan Pengalamatan Jaringan kelas XI Kumer ;Andi Novianto;Erlangga;;;ü;10;ü;;;;
88;;Perencanaan dan Pengalamatan Jaringan kelas XII Kumer;Andi Novianto;Erlangga;;;ü;14;ü;;;;
89;;Kelistrikan Mobil;Drs Boantatro;;;;ü;1;ü;;;;
90;;Casis Mobil;Drs Boantatro;;;;ü;2;ü;;;;
91;;Peralatan Bengkel Oromotif;Zooy D mora;;;;ü;1;ü;;;;
92;;IPAS;Dwi Harti, dkk;Erlangga;;;ü;702;ü;;;;
93;;Pendidikan Pncasila ;Yusuf Kardiman ;Erlangga;;;ü;64;ü;;;;
94;;Pendidikan Agama Islam;H.A Sholeh Dimyathi, dkk;Erlangga;;;ü;67;ü;;;;
95;;PJOK;Agung Rahayu, dkk;Erlangga;;;ü;47;ü;;;;
96;;Sejarah;Ratna Hapsari;Erlangga;;;ü;71;ü;;;;
97;;IPAS;Berti Sagendra ;Erlangga;;;ü;75;ü;;;;
98;;Informatika;Andi Novianto;Erlangga;;;ü;77;ü;;;;
99;;Pengantar Ekonomi dan Bisnis;Alam S;Erlangga;;;ü;30;ü;;;;
100;;Dasar-Dasar Pemasaran;Widaningsih;Erlangga;;;ü;19;ü;;;;
101;;Perencanaan Bisnis Ritel;Anis Muftias;Bumi Aksara;;;ü;10;ü;;;;
102;;Pengantar Akuntansi;Dwi Harti, dkk;;;;ü;8;ü;;;;
103;;Kewirausahaan;;Erlangga;;;ü;2;ü;;;;
104;;Desain Keamanan Jaringan;;Erlangga;;;ü;8;ü;;;;
105;;Marketing ;;Erlangga;;;ü;42;ü;;;;
106;;Dasar-Dasar MPLB ;Sri Endang;Erlangga;;;ü;20;ü;;;;
107;;PKWU;Indah Setyowati;;;;ü;140;ü;;;;
108;;Komputer Akuntansi Pada Perusahaan Dagang;Bimo Susiono;Erlangga;;;ü;22;ü;;;;
109;;Akuntansi Lembaga Instansi Pemerintah;Dwi Harti, dkk;Erlangga;;;ü;15;ü;;;;
110;;Akuntansi Perusahaan Jasa;Dwi Harti, dkk;Erlangga;;;ü;20;ü;;;;
111;;;;;;;;;ü;;;;
112;;;;;;;;;ü;;;;
113;;;;;;;;;ü;;;;
114;;;;;;;;;ü;;;;
115;;;;;;;;;ü;;;;
116;;;;;;;;;ü;;;;
117;;;;;;;;;ü;;;;
